traveller_type,promedio_score
Family,9.04851737109972
Solo,8.954201093174026
Couple,8.940277884986504
Business,8.816760275721307
