country_y,promedio_score
United Arab Emirates,9.093080505655374
Netherlands,9.09164402173915
China,9.054944335297973
Singapore,9.053269230769242
Italy,9.043297587131368
Spain,9.038647019423989
Canada,9.036168741355464
New Zealand,9.01762476310803
South Korea,9.017227979274622
Thailand,9.006580645161298
