country_y,promedio_ubicacion
Australia,9.538709677419357
Italy,9.529021447721176
Spain,9.481245813797726
Singapore,9.464102564102557
Netherlands,9.419565217391298
China,9.406548788474131
France,9.4019003931848
United States,9.337524687294264
Brazil,9.331337325349304
South Africa,9.32913333333333
