city,promedio_staff
Tokyo,9.3196335078534
Dubai,9.2344644045243
Seoul,9.159067357512953
Paris,9.153997378768025
Amsterdam,9.105706521739135
Cape Town,9.103133333333336
Toronto,9.093845089903187
Bangkok,9.041483870967753
Singapore,9.040192307692303
Berlin,9.039299867899604
