city,mejor_calidad_precio
Shanghai,8.707203667321554
Amsterdam,8.679687500000007
Wellington,8.64036639292483
Toronto,8.630843706777314
Barcelona,8.614266577361024
Buenos Aires,8.569434989788961
Rome,8.557975871313676
Berlin,8.55402906208719
Bangkok,8.502129032258065
Mumbai,8.499123989218319
